{"cameraMode":{"drawMode":0,"name":"Shaded","section":"Shading Mode"},"sceneLighting":false,"audioPlay":false,"sceneViewState":{"m_AlwaysRefresh":false,"showFog":true,"showSkybox":false,"showFlares":true,"showImageEffects":true,"showParticleSystems":true,"showVisualEffectGraphs":true,"m_FxEnabled":false},"in2DMode":false,"pivot":{"x":0.09388387203216553,"y":2.000389575958252,"z":3.4204025268554689},"rotation":{"x":0.08324773609638214,"y":0.12314529716968537,"z":0.010371744632720948,"w":-0.9888433814048767},"size":1.8558239936828614,"orthographic":false}